<?xml version="1.0" encoding="UTF-8"?>  
<beans  
    xmlns="http://www.springframework.org/schema/beans"  
    xmlns:xsi="http://www.w3.org/2001/XMLSchema-instance"  
    xmlns:p="http://www.springframework.org/schema/p"  
    xsi:schemaLocation="http://www.springframework.org/schema/beans  
               http://www.springframework.org/schema/beans/spring-beans-3.0.xsd">  
  
	<bean id="mobile" class="com.nikhil.spring.Mobile" autowire="byName"></bean>  
	
	<bean id="screen" class="com.nikhil.spring.Screen"></bean>
	<bean id="camera" class="com.nikhil.spring.Camera"></bean>
	<bean id="speaker" class="com.nikhil.spring.Speaker"></bean>
  
</beans>  